{"Imported Questions":[{"question":"Which switch symbol is this?","option_a":"SPDT switch","option_b":"SPST switch","option_c":"DPDT switch","option_d":"DPST switch","answer":"B","notes":""},{"question":"What is represented by the following electrical symbol?","option_a":"Terminal","option_b":"Transformer","option_c":"Cell","option_d":"Fuse","answer":"C","notes":""},{"question":"Name the symbol.","option_a":"Electric bell","option_b":"Magnetic head","option_c":"Buzzer","option_d":"Magnetic relay","answer":"C","notes":""},{"question":"Identify the type of resistor.","option_a":"Metal film resistor","option_b":"Carbon composition resistor","option_c":"Potentiometer","option_d":"Wire wound resistor","answer":"C","notes":""},{"question":"Which is the NOT gate in the following picture?","option_a":"","option_b":"","option_c":"","option_d":"","answer":"A","notes":""},{"question":"Name the symbol.","option_a":"ICDP","option_b":"ICTP","option_c":"DPDT","option_d":"DTDP","answer":"C","notes":""},{"question":"What is represented by the following electrical symbol?","option_a":"Preset potentiometer","option_b":"Preset resistor","option_c":"Variable potentiometer","option_d":"Variable resistor","answer":"A","notes":""},{"question":"What is represented by the following electrical symbol?","option_a":"Transformer","option_b":"Relay","option_c":"Resistor","option_d":"Fuse","answer":"A","notes":""},{"question":"What is the name of the symbol?","option_a":"Band-pass filter","option_b":"Band-stop filter","option_c":"Low-pass filter","option_d":"High-pass filter","answer":"A","notes":""},{"question":"Which type of switch is this?","option_a":"Preset resistors","option_b":"Loudspeakers","option_c":"Slide type","option_d":"Coaxial connectors","answer":"C","notes":""},{"question":"What is represented by the following electrical symbol?","option_a":"Buffer","option_b":"Operational amplifier","option_c":"Inverter / NOT gate","option_d":"Three terminal network","answer":"B","notes":""},{"question":"Which one of these are capacitor symbol?","option_a":"","option_b":"","option_c":"","option_d":"","answer":"A","notes":""},{"question":"What is the form of curve that represents Ohmʹs law?","option_a":"Parabolic","option_b":"Hyperbolic","option_c":"Linear","option_d":"Sinusoidal","answer":"C","notes":""},{"question":"Which is the symbol of relay?","option_a":"","option_b":"","option_c":"","option_d":"","answer":"C","notes":""},{"question":"What is the name of the gate?","option_a":"NAND Gate","option_b":"Ex-Nor Gate","option_c":"AND Gate","option_d":"OR Gate","answer":"A","notes":""},{"question":"Which one is the transistor?","option_a":"","option_b":"","option_c":"","option_d":"","answer":"A","notes":""},{"question":"Identify this picture","option_a":"N-channel MOSFET","option_b":"P-channel MOSFET","option_c":"NPN transistor","option_d":"PNP transistor","answer":"B","notes":""},{"question":"Which is the symbol of diode?","option_a":"","option_b":"","option_c":"","option_d":"","answer":"A","notes":""},{"question":"Find the symbol.","option_a":"AC supply","option_b":"Loudspeaker","option_c":"Microphone","option_d":"Meter","answer":"B","notes":""},{"question":"Which is the short circuit?","option_a":"","option_b":"","option_c":"","option_d":"","answer":"A","notes":""},{"question":"Identify the symbol of battery.","option_a":"","option_b":"","option_c":"","option_d":"","answer":"B","notes":""},{"question":"Below image is of a:","option_a":"SCR","option_b":"TRIAC","option_c":"DIAC","option_d":"DIODE","answer":"A","notes":""},{"question":"Identify the given picture.","option_a":"Capacitor","option_b":"Inductor","option_c":"Resistor","option_d":"Diode","answer":"B","notes":""},{"question":"Which one is not a resistor?","option_a":"","option_b":"","option_c":"","option_d":"","answer":"C","notes":""},{"question":"Which is not a type of LED?","option_a":"","option_b":"","option_c":"","option_d":"","answer":"B","notes":""}]}