{"Friction":[{"question":"Which is useful friction?","option_a":"Brake shoe lining","option_b":"Rings in the cylinder","option_c":"Crank shaft bearings","option_d":"Wheel hub bearings","answer":"A","notes":""},{"question":"What is the direction of frictional force against a motional object?","option_a":"Parallel to the object","option_b":"Opposite to the object","option_c":"Inclined to the object","option_d":"Perpendicular to the object","answer":"B","notes":""},{"question":"Which force is directly proportional to the normal reaction between contacting surfaces?","option_a":"Pushing force","option_b":"Allied force","option_c":"Frictional force","option_d":"Pulling force","answer":"C","notes":""},{"question":"Which symbol is used to denote co-efficient of friction?","option_a":"Y(Gamma)","option_b":"μ(Meu)","option_c":"β (Beta)","option_d":"α (Alpha)","answer":"B","notes":""},{"question":"Which one of the following acts in between the wheels and roads, if vehicles are able to run on roads?","option_a":"Erosion","option_b":"Motion","option_c":"Corrosion","option_d":"Friction","answer":"D","notes":""},{"question":"What is the purpose of a lubricant?","option_a":"To reduce friction","option_b":"To increase the pressure","option_c":"To increase friction","option_d":"To reduce pressure","answer":"A","notes":""},{"question":"Which is used to reduce the friction in machine parts?","option_a":"Petrol","option_b":"Lubricants","option_c":"Water","option_d":"Kerosene","answer":"B","notes":""},{"question":"What is the purpose of a lubricant?","option_a":"To reduce friction","option_b":"To increase the pressure","option_c":"To increase friction","option_d":"To reduce pressure","answer":"A","notes":""},{"question":"What is the co-efficient of friction if the angle of friction is q?","option_a":"sin θ","option_b":"Cos θ","option_c":"Tan θ","option_d":"Cot θ","answer":"C","notes":""},{"question":"What denotes the letter ʹRʹ in the given figure?","option_a":"Force","option_b":"Resistance","option_c":"Load","option_d":"Normal reaction","answer":"D","notes":""}],"Centre of gravity":[{"question":"Which affects the centre of gravity of the object?","option_a":"Weight","option_b":"Mass","option_c":"Density","option_d":"Shape","answer":"B","notes":""},{"question":"What is the name of the point at which all the weight of the body concentrated?","option_a":"Initial point","option_b":"Centre of gravity","option_c":"Centroid","option_d":"Central point","answer":"B","notes":""},{"question":"Where the centre of gravity of a circle lies?","option_a":"At its center","option_b":"Any where on its radius","option_c":"Any where on its circumference","option_d":"Any where on its diameter","answer":"A","notes":""},{"question":"What is the centre of gravity of a right circular cone from its base?","option_a":"\\( \\frac{h}{2} \\)","option_b":"\\( \\frac{h}{3} \\)","option_c":"\\( \\frac{h}{4} \\)","option_d":"\\( \\frac{h}{5} \\)","answer":"C","notes":""},{"question":"What is the centre of gravity of a rectangular body?","option_a":"Longer side of rectangle","option_b":"Shorter side of rectangle","option_c":"At the point of intersection of its diagonals","option_d":"At the corners","answer":"C","notes":""},{"question":"Which one of the following geometrical shape's centre of gravity lies from its base is 1/3 of its height?","option_a":"Square","option_b":"Triangle","option_c":"Rhombus","option_d":"Cone","answer":"B","notes":""},{"question":"What is the formula for area of the circle?","option_a":"\\( \\frac{πr²}{2} \\)","option_b":"2πr","option_c":"πr²","option_d":"\\( \\frac{πd}{2} \\)","answer":"C","notes":""}],"Area of cut out regular Surfaces and Irregular surfaces":[{"question":"Which line is called as chord?","option_a":"OD","option_b":"AB","option_c":"ED","option_d":"OE","answer":"B","notes":""},{"question":"Which formula is suitable for the area of a circle, whose diameter is (d)?","option_a":"\\( \\frac{πr^2}{4} \\)","option_b":"πr","option_c":"2πr","option_d":"πd","answer":"A","notes":""},{"question":"What is the circumference of a semicircle?","option_a":"πr + 2r","option_b":"πd/4","option_c":"2πr²","option_d":"\\( \\frac{πd^2}{4} \\)","answer":"A","notes":""},{"question":"What is the formula for circumference of a circle?","option_a":"πr²","option_b":"πr","option_c":"2πr","option_d":"\\( \\frac{πd^2}{2} \\)","answer":"C","notes":""},{"question":"What is the formula for area of the semi circle?","option_a":"πr²","option_b":"πr","option_c":"2πr","option_d":"\\( \\frac{πd^2}{2} \\)","answer":"D","notes":""},{"question":"What is the area of the irregular surface?","option_a":"1400 mm²","option_b":"1450 mm²","option_c":"1500 mm²","option_d":"1200 mm²","answer":"C","notes":""},{"question":"What is the area of the irregular surfaces?","option_a":"4800 mm²","option_b":"4820 mm²","option_c":"4830 mm²","option_d":"4843 mm²","answer":"A","notes":""},{"question":"What is the area of the circle, whose diameter is 50 cm?","option_a":"1900 cm²","option_b":"1950 cm²","option_c":"1962.5 cm²","option_d":"1960 cm²","answer":"C","notes":""},{"question":"What is the area of shaded portion?","option_a":"1000 mm²","option_b":"1500 mm²","option_c":"1100 mm²","option_d":"1075 mm²","answer":"D","notes":""}],"Elasticity":[{"question":"Which type of stress?","option_a":"Torsional stress","option_b":"Tensile stress","option_c":"Compressive stress","option_d":"Shear stress","answer":"D","notes":""},{"question":"What is the unit of strain?","option_a":"Kg/cm²","option_b":"Newton/Meter²","option_c":"meter","option_d":"No unit","answer":"D","notes":""},{"question":"Which symbol is used to express change in length?","option_a":"I","option_b":"e","option_c":"δl","option_d":"L","answer":"C","notes":""},{"question":"Which is elastic material?","option_a":"Nylon","option_b":"Polystyrenes","option_c":"Celluloid","option_d":"Polycarbonates","answer":"A","notes":""},{"question":"What is the maximum percentage of stretch of its original length is allowable for elastic materials?","option_a":"100%","option_b":"200%","option_c":"300%","option_d":"400%","answer":"C","notes":""},{"question":"What is the ratio between the changes in dimension to its original dimension of the substance?","option_a":"Stress","option_b":"Strain","option_c":"Poissonʹs ratio","option_d":"Factor of safety","answer":"B","notes":""},{"question":"What is the ratio of change in length to original length?","option_a":"Linear strain","option_b":"Lateral strain","option_c":"Volumetric strain","option_d":"Poissonʹs ratio","answer":"A","notes":""},{"question":"What is the ratio between lateral strain and longitudinal strain?","option_a":"Hook's law","option_b":"Youngʹs modulus","option_c":"Bulk modulus","option_d":"Poissonʹs ratio","answer":"D","notes":""},{"question":"Which symbol is used to express change in length?","option_a":"L","option_b":"ẟl","option_c":"I","option_d":"e","answer":"B","notes":""},{"question":"Which one is the ratio of stress?","option_a":"Load and area","option_b":"Load and direction","option_c":"Load and diameter","option_d":"Load and time","answer":"A","notes":""},{"question":"Which force acts on rivets?","option_a":"Tensile force","option_b":"Compressive force","option_c":"Shear force","option_d":"Bending force","answer":"C","notes":""},{"question":"Which force acts on crankshaft?","option_a":"Shear stress","option_b":"Tensional stress","option_c":"Tensile stress","option_d":"Compressive stress","answer":"B","notes":""},{"question":"What is the ratio of shear stress to shear strain?","option_a":"Modulus of elasticity","option_b":"Modulus of rigidity","option_c":"Bulk modulus","option_d":"Yield point","answer":"B","notes":""}],"Heat Treatment":[{"question":"What are the various stages of heat treatment?","option_a":"Heating, Cooling and Quenching","option_b":"Quenching, Cooling and Heating","option_c":"Heating, Soaking and Quenching","option_d":"Soaking, Quenching and Cooling","answer":"C","notes":""},{"question":"What are the various types of heat treatment processes?","option_a":"Annealing, Normalizing, Hardening and Tempering","option_b":"Normalizing, Heating, Cooling and Painting","option_c":"Hardening, Soaking, Painting and Packing","option_d":"Tempering, Cooling, Packing and Selling","answer":"A","notes":""},{"question":"What is the process of heat treatment?","option_a":"The process of heating and cooling to change the structure and properties","option_b":"The process of heating to change the dimensions","option_c":"The process of cooling to measure the dimensions","option_d":"The process of heating and bending as per our requirement","answer":"A","notes":""},{"question":"What is the name of the structure formed, if steel is heated for about 723°C?","option_a":"Cementide","option_b":"Austenite","option_c":"Martensite","option_d":"Ferrite","answer":"B","notes":""},{"question":"Which heat treatment process is done to refine the grain structure of the steel?","option_a":"Annealing","option_b":"Normalizing","option_c":"Hardening","option_d":"Tempering","answer":"B","notes":""},{"question":"What is the name of heat treatment process done to relieve strain and stress?","option_a":"Normalizing","option_b":"Annealing","option_c":"Hardening","option_d":"Tempering","answer":"B","notes":""},{"question":"Which process produces equilibrium conditions?","option_a":"Annealing and Hardening","option_b":"Normalizing and Tempering","option_c":"Annealing and Normalizing","option_d":"Normalizing and Tempering","answer":"C","notes":""},{"question":"Which process steel is heated in a carbonaceous atmosphere for the penetration of carbon?","option_a":"Case hardening","option_b":"Nit riding","option_c":"Carburizing","option_d":"Induction hardening","answer":"C","notes":""},{"question":"What is the name of the heat treatment process, where the metal is heated and quenched in water or oil?","option_a":"Hardening","option_b":"Normalizing and Tempering","option_c":"Annealing","option_d":"Tempering","answer":"A","notes":""},{"question":"How much time is allowed normally in soaking zone for a 10mm thick metal piece while hardening?","option_a":"5 minutes","option_b":"10 minutes","option_c":"15 minutes","option_d":"20 minutes","answer":"A","notes":""},{"question":"What is color of a metal piece when heated to 250°C while doing the tempering process?","option_a":"Blue","option_b":"Brown","option_c":"Purple","option_d":"Yellow","answer":"B","notes":""},{"question":"What is the purpose of tempering steel?","option_a":"To reduce the brittleness","option_b":"To remove the ductility","option_c":"To increase the hardness","option_d":"To increase the brittleness","answer":"A","notes":""}],"Estimation and Costing":[{"question":"Which hand book referred by machine engineer?","option_a":"CRC","option_b":"Oxford Dictionary","option_c":"Parry's cheorikal","option_d":"Mark standard","answer":"D","notes":""},{"question":"What is the term used for the method of calculating various quantities and expenditure on a particular job or process?","option_a":"Estimation","option_b":"Drawing","option_c":"Specification","option_d":"Plan","answer":"A","notes":""},{"question":"Who prepares the cost of estimation?","option_a":"Draughts man","option_b":"Operator","option_c":"Quality Inspector","option_d":"Estimator","answer":"D","notes":""},{"question":"What is the name of a booklet, the rates of various terms are indicated?","option_a":"Price bunch","option_b":"Price catalog","option_c":"Price bank","option_d":"Price tag","answer":"B","notes":""},{"question":"What is the other term of pocket reference in engineering works?","option_a":"New book","option_b":"Good book","option_c":"Hand tool","option_d":"Hand book","answer":"D","notes":""},{"question":"Which one is related to estimation of work?","option_a":"Bill of material","option_b":"Packing","option_c":"Information table","option_d":"Hand book","answer":"A","notes":""},{"question":"What is a total cost?","option_a":"Raw material cost only","option_b":"Machining cost only","option_c":"Raw materials cost and machining cost","option_d":"Advertisement cost only","answer":"C","notes":""},{"question":"What is the minimum permissible size of aluminum wire used in estimation?","option_a":"1.5 sq.mm","option_b":"2.5 sq.mm","option_c":"5 sq.mm","option_d":"3.5 sq.mm","answer":"A","notes":""},{"question":"Which IE rules are to be verified on completion of wiring on any new installation?","option_a":"IE Rules, 1956","option_b":"IE Rules, 1960","option_c":"IE Rules, 1961","option_d":"IE Rules, 1967","answer":"A","notes":""}],"Algebra":[{"question":"What is the formula for aᵐ x aⁿ&nbsp;","option_a":"aᵐ⁺ⁿ","option_b":"aᵐⁿ","option_c":"aᵐ⁻ⁿ","option_d":"aᵐ ˣ ⁿ","answer":"A","notes":""},{"question":"What is the formula for \\(\\frac{a^m}{a^n} ?\\)","option_a":"aᵐ⁺ⁿ","option_b":"aᵐⁿ","option_c":"aᵐ⁻ⁿ","option_d":"aᵐ ˣ ⁿ","answer":"C","notes":""},{"question":"What is the value of axa²xa³xa⁴?","option_a":"a9","option_b":"a8","option_c":"a10","option_d":"a7","answer":"C","notes":""},{"question":"What is the formula for (a-b)² ?","option_a":"a²+2ab+b²","option_b":"a²-2ab+b²","option_c":"a²-2ab-b²","option_d":"-a²-2ab-b²","answer":"B","notes":""},{"question":"What is the expanded form of (a+b)² ?","option_a":"-a²-2ab+b²","option_b":"a²-2ab+b²","option_c":"a²+2ab+b²","option_d":"a²+2ab-b²","answer":"C","notes":""},{"question":"What is the value of 14x+3y+25x+2y?","option_a":"17x + 27y","option_b":"39x + 5y","option_c":"16x + 28y","option_d":"44xy","answer":"B","notes":""},{"question":"What is the value of 625° ?","option_a":"525","option_b":"1","option_c":"25","option_d":"0","answer":"B","notes":""},{"question":"What is the value of 14x+3y+25x+2y?","option_a":"17x + 27y","option_b":"16x + 28y","option_c":"39x + 5y","option_d":"44xy","answer":"C","notes":""},{"question":"What is the multiplication value of 5a²b x 8a⁵b³?","option_a":"40a⁷b⁴","option_b":"40a³b²","option_c":"40a⁴b⁷","option_d":"40a²b³","answer":"A","notes":""},{"question":"Which is the expansion of a³ + b³?","option_a":"(a-b) (a² + b² - ab)","option_b":"(a+b) (a² + b² - ab)","option_c":"a³ + b³ + 3ab (a+b)","option_d":"a³ - b³ + 3ab (a-b)","answer":"B","notes":""},{"question":"What is the expansion of (a+b+c)²?","option_a":"a² + b²+ c²+ 2 (ab + bc + ca)","option_b":"a² + b² + c²- 2ab + 2bc + 2ca","option_c":"a² + b² + c² + 2ab – 2bc + 2ca","option_d":"a² - b² - c² + 2ab + 2bc + 2ca","answer":"A","notes":""},{"question":"What is the value of x²-y² if (x+y) = 9, (x - y) = 4?","option_a":"13","option_b":"65","option_c":"36","option_d":"46","answer":"C","notes":""},{"question":"What is the value of a²+b² if a+b=9 and ab = 20?","option_a":"121","option_b":"-121","option_c":"41","option_d":"-41","answer":"C","notes":""},{"question":"What is the value of x³+3y²x² if x=3, y=2?","option_a":"135","option_b":"81","option_c":"54","option_d":"63","answer":"A","notes":""}],"Profit and Loss":[{"question":"What is the expanded form of S.P?","option_a":"Selected Price","option_b":"Selling Price","option_c":"Super Price","option_d":"Special Price","answer":"B","notes":""},{"question":"How the 'Principal' is denoted in simple interest calculation?","option_a":"R","option_b":"I","option_c":"n","option_d":"P","answer":"D","notes":""},{"question":"What is denoted as 'I'?","option_a":"Rate","option_b":"Interest","option_c":"Principal","option_d":"Year","answer":"B","notes":""},{"question":"How the years is denoted in simple interest calculations?","option_a":"r","option_b":"I","option_c":"P","option_d":"n","answer":"D","notes":""},{"question":"How is the profit / gain expressed?","option_a":"*","option_b":"%","option_c":"₹","option_d":"$","answer":"B","notes":""},{"question":"What is the profit amount, if i - phone cost price is Rs.50000/- and selling price is Rs.70000/-?","option_a":"Rs. 2000/-","option_b":"Rs. 10000/-","option_c":"Rs. 20000/-","option_d":"Rs. 50000/-","answer":"C","notes":""},{"question":"What is the selling price, if the profit is 5% for a computer table bought at Rs.1150/- with Rs.50/- as a transport charge?","option_a":"1160","option_b":"1620","option_c":"1060","option_d":"1260","answer":"D","notes":""},{"question":"What is the cost price if the product is sold at ₹ 572 with a profit of ₹ 72?","option_a":"₹ 500","option_b":"₹ 1000","option_c":"₹ 644","option_d":"₹ 472","answer":"A","notes":""},{"question":"What is the simple interest for the principal amount of Rs.100000 at 10% per annum for 1 year period?","option_a":"Rs.16800/-","option_b":"Rs.92400/-","option_c":"Rs.96800/-","option_d":"Rs.94800/-","answer":"A","notes":""}]}